id,polarity
t4,2
t5,1
t8,1
t9,1
t13,1
t16,0
t18,1
t22,2
t34,0
t36,2
t44,1
t45,0
t46,2
t47,1
t56,1
t58,2
t62,1
t63,0
t64,2
t67,2
t68,0
t70,2
t76,1
t83,0
t84,0
t90,0
t91,1
t95,0
t97,2
t112,1
t115,0
t118,0
t123,1
t124,2
t127,2
t131,1
t132,1
t134,2
t142,1
t143,1
t153,0
t155,2
t164,1
t167,1
t171,1
t172,1
t173,2
t177,2
t181,1
t185,1
t195,0
t196,1
t200,1
t201,0
t204,1
t206,0
t213,1
t216,2
t221,1
t223,0
t224,1
t226,1
t229,1
t232,0
t238,1
t240,0
t242,1
t244,2
t246,1
t247,2
t255,0
t256,1
t257,0
t261,2
t263,0
t268,1
t276,0
t277,0
t278,1
t279,2
t281,0
t283,0
t285,2
t290,2
t299,0
t300,0
t309,2
t310,1
t318,0
t325,2
t328,1
t330,0
t337,2
t339,2
t343,1
t345,2
t346,2
t347,1
t356,2
t359,0
t364,1
t372,2
t373,1
t376,0
t384,1
t391,1
t399,0
t400,0
t405,0
t408,0
t410,1
t412,0
t413,1
t417,2
t421,1
t422,0
t426,1
t439,0
t440,1
t441,0
t444,1
t448,1
t449,1
t455,0
t458,1
t461,1
t467,1
t468,0
t472,0
t474,2
t480,1
t481,1
t484,1
t485,1
t500,2
t505,1
t506,1
t507,0
t508,2
t512,1
t514,0
t521,2
t525,0
t528,1
t530,2
t532,2
t533,0
t536,1
t537,0
t538,1
t543,0
t547,1
t557,1
t561,1
t570,2
t574,2
t577,1
t581,2
t584,2
t587,1
t590,0
t592,0
t594,1
t597,0
t598,1
t599,0
t602,1
t605,2
t608,2
t609,0
t610,0
t614,1
t615,0
t621,2
t622,1
t626,1
t633,2
t634,0
t638,1
t644,1
t645,1
t646,2
t652,1
t653,1
t654,2
t656,1
t658,2
t661,0
t665,1
t666,0
t667,1
t671,0
t674,1
t676,0
t678,1
t683,2
t686,1
t687,2
t691,0
t694,1
t697,2
t699,0
t701,1
t702,0
t705,2
t706,1
t711,1
t713,0
t715,1
t716,0
t717,1
t721,0
t723,0
t726,2
t732,2
t735,1
t739,0
t740,2
t744,2
t747,1
t755,1
t760,1
t764,1
t767,0
t770,1
t772,0
t774,0
t775,0
t776,1
t781,1
t783,0
t784,2
t786,0
t788,1
t791,0
t792,0
t793,2
t795,2
t798,1
t801,2
t806,2
t807,0
t808,2
t811,1
t815,0
t821,1
t822,1
t825,1
t832,1
t834,1
t853,1
t857,0
t858,0
t862,1
t865,2
t866,2
t869,1
t870,0
t876,1
t881,1
t885,0
t889,1
t893,2
t898,2
t903,1
t905,1
t908,2
t916,0
t918,2
t922,2
t929,1
t933,1
t939,1
t940,2
t942,0
t950,2
t953,2
t954,2
t957,2
t961,0
t963,2
t964,0
t968,1
t969,0
t974,1
t975,1
t977,1
t978,1
t985,0
t991,1
t994,1
t995,1
t997,1
t998,1
t1017,1
t1021,1
t1023,1
t1024,0
t1030,1
t1031,1
t1034,1
t1038,1
t1045,0
t1047,1
t1049,1
t1050,1
t1054,0
t1055,2
t1059,1
t1061,1
t1067,1
t1071,0
t1077,0
t1079,2
t1082,2
t1086,1
t1089,1
t1094,1
t1095,0
t1096,0
t1098,1
t1100,1
t1101,1
t1104,1
t1107,2
t1109,2
t1112,2
t1119,0
t1122,2
t1126,0
t1132,2
t1140,1
t1141,1
t1143,1
t1145,0
t1147,1
t1154,0
t1155,1
t1157,1
t1158,1
t1168,2
t1171,1
t1172,1
t1173,2
t1176,2
t1177,2
t1179,2
t1180,2
t1184,1
t1186,2
t1197,2
t1198,1
t1203,1
t1204,0
t1207,1
t1208,0
t1210,1
t1211,0
t1213,1
t1216,1
t1217,1
t1220,1
t1225,1
t1226,1
t1229,2
t1230,0
t1232,0
t1234,2
t1235,2
t1239,1
t1246,2
t1251,2
t1252,2
t1253,1
t1256,0
t1260,2
t1265,1
t1266,1
t1269,0
t1271,1
t1275,1
t1278,0
t1281,0
t1283,2
t1288,1
t1291,0
t1294,1
t1295,2
t1297,1
t1301,1
t1305,0
t1306,0
t1309,1
t1311,1
t1314,0
t1321,1
t1323,1
t1324,1
t1326,0
t1329,1
t1330,0
t1342,0
t1349,1
t1353,0
t1357,1
t1361,1
t1364,1
t1367,1
t1368,2
t1373,1
t1378,2
t1382,0
t1385,0
t1388,2
t1390,0
t1393,1
t1399,0
t1401,0
t1403,0
t1404,0
t1408,0
t1410,1
t1413,0
t1414,1
t1415,1
t1417,2
t1418,2
t1419,1
t1421,0
t1423,1
t1425,0
t1426,1
t1429,1
t1443,1
t1446,1
t1450,0
t1451,1
t1457,1
t1458,0
t1460,2
t1470,1
t1480,0
t1482,0
t1483,1
t1487,1
t1489,0
t1492,1
t1498,1
t1500,2
t1501,2
t1503,0
t1524,0
t1528,2
t1531,2
t1534,1
t1537,1
t1538,1
t1544,1
t1547,0
t1552,1
t1555,1
t1557,2
t1558,0
t1564,0
t1566,1
t1575,2
t1579,1
t1581,1
t1583,1
t1585,1
t1589,1
t1596,0
t1602,1
t1604,1
t1608,1
t1609,1
t1614,1
t1615,1
t1620,1
t1621,0
t1622,1
t1625,0
t1628,1
t1629,1
t1631,1
t1632,1
t1633,0
t1636,1
t1637,1
t1638,2
t1639,1
t1640,2
t1644,2
t1646,0
t1648,2
t1654,2
t1657,1
t1659,1
t1661,0
t1662,1
t1672,1
t1675,2
t1680,2
t1681,1
t1685,0
t1687,1
t1690,1
t1692,1
t1694,2
t1695,1
t1696,2
t1699,2
t1700,1
t1705,0
t1706,0
t1707,1
t1710,1
t1712,2
t1717,0
t1721,1
t1723,0
t1724,1
t1725,1
t1727,1
t1728,1
t1733,0
t1736,1
t1741,0
t1743,2
t1744,0
t1745,2
t1750,2
t1752,1
t1753,0
t1756,2
t1757,1
t1760,1
t1765,2
t1768,2
t1770,1
t1773,1
t1775,1
t1776,1
t1777,1
t1782,2
t1788,2
t1796,2
t1805,1
t1807,0
t1814,0
t1818,0
t1821,2
t1822,1
t1825,1
t1826,1
t1827,2
t1828,1
t1829,2
t1831,0
t1832,1
t1838,1
t1839,1
t1841,2
t1843,2
t1844,1
t1848,1
t1852,0
t1855,1
t1856,1
t1864,1
t1870,0
t1889,1
t1890,0
t1893,0
t1897,2
t1901,1
t1905,0
t1908,2
t1909,1
t1913,2
t1914,1
t1915,1
t1920,2
t1927,2
t1930,1
t1933,1
t1936,0
t1939,1
t1940,2
t1945,2
t1946,1
t1949,1
t1956,1
t1970,1
t1974,1
t1976,2
t1977,0
t1978,1
t1987,1
t1990,1
t1991,1
t1993,2
t1996,1
t1997,1
t1999,1
t2012,1
t2013,2
t2014,1
t2017,0
t2020,0
t2021,0
t2023,0
t2024,1
t2026,1
t2029,1
t2031,0
t2039,0
t2042,1
t2047,1
t2052,1
t2053,1
t2054,2
t2055,2
t2060,1
t2065,2
t2070,1
t2073,2
t2082,2
t2083,0
t2086,1
t2087,2
t2088,2
t2093,0
t2095,2
t2097,1
t2099,2
t2101,1
t2108,0
t2110,2
t2111,1
t2115,0
t2119,0
t2120,1
t2125,2
t2133,2
t2137,0
t2141,2
t2145,0
t2147,1
t2152,0
t2155,0
t2157,2
t2159,0
t2161,1
t2166,2
t2167,2
t2173,1
t2179,1
t2180,1
t2182,0
t2183,1
t2184,1
t2189,1
t2192,1
t2193,0
t2200,2
t2203,1
t2204,0
t2205,0
t2206,1
t2216,1
t2225,2
t2227,0
t2231,1
t2234,0
t2243,2
t2244,2
t2245,1
t2246,1
t2247,1
t2249,2
t2258,2
t2259,1
t2261,0
t2263,1
t2265,1
t2268,1
t2269,0
t2270,2
t2272,2
t2273,0
t2276,2
t2277,1
t2280,1
t2281,1
t2282,1
t2284,0
t2285,1
t2287,1
t2290,1
t2292,1
t2294,2
t2298,1
t2301,1
t2309,0
t2310,1
t2311,1
t2316,2
t2324,2
t2329,1
t2331,1
t2339,1
t2344,1
t2352,0
t2353,1
t2354,1
t2355,1
t2357,0
t2360,1
t2363,2
t2371,1
t2380,1
t2384,1
t2387,0
t2391,0
t2393,1
t2395,1
t2396,2
t2400,1
t2401,0
t2402,1
t2403,1
t2404,2
t2409,0
t2410,2
t2411,1
t2417,1
t2418,0
t2423,1
t2429,1
t2431,0
t2433,1
t2434,1
t2436,1
t2438,2
t2444,1
t2445,1
t2449,1
t2450,2
t2454,2
t2455,2
t2456,1
t2458,2
t2460,1
t2468,1
t2470,1
t2472,1
t2474,0
t2475,0
t2478,2
t2482,1
t2491,1
t2497,1
t2499,1
t2503,1
t2505,1
t2506,0
t2507,2
t2511,2
t2513,0
t2514,0
t2518,0
t2521,2
t2522,0
t2529,0
t2531,0
t2538,1
t2540,1
t2542,1
t2546,1
t2548,1
t2549,1
t2553,1
t2556,1
t2563,0
t2566,1
t2569,0
t2570,1
t2571,1
t2572,1
t2574,1
t2577,1
t2578,0
t2579,1
t2583,2
t2592,0
t2595,1
t2598,0
t2603,0
t2609,2
t2610,0
t2611,2
t2613,1
t2615,2
t2617,2
t2621,0
t2624,1
t2628,1
t2633,1
t2650,2
t2653,2
t2658,1
t2661,1
t2665,1
t2667,2
t2675,1
t2676,0
t2678,1
t2681,1
t2684,0
t2687,2
t2688,1
t2690,2
t2693,2
t2697,1
t2698,0
t2708,0
t2710,1
t2711,0
t2714,2
t2716,1
t2717,0
t2725,0
t2727,1
t2728,2
t2736,1
t2741,1
t2745,1
t2746,1
t2747,1
t2748,2
t2749,2
t2750,0
t2752,2
t2754,1
t2760,2
t2767,0
t2768,0
t2769,1
t2772,1
t2773,2
t2776,0
t2778,1
t2784,1
t2786,1
t2789,1
t2790,1
t2791,1
t2796,2
t2797,1
t2801,0
t2810,1
t2813,2
t2817,0
t2823,2
t2828,1
t2829,1
t2835,2
t2836,1
t2838,0
t2841,1
t2842,2
t2848,0
t2852,0
t2858,0
t2859,0
t2860,2
t2862,2
t2866,1
t2868,1
t2875,0
t2878,1
t2879,1
t2885,2
t2895,1
t2897,1
t2898,1
t2899,0
t2909,1
t2920,1
t2921,0
t2923,0
t2926,1
t2929,2
t2931,1
t2932,1
t2934,1
t2935,2
t2937,1
t2944,1
t2946,2
t2953,0
t2954,0
t2964,0
t2970,1
t2972,2
t2974,1
t2975,2
t2978,1
t2980,0
t2986,1
t2987,1
t2988,0
t2989,2
t2990,2
t2992,2
t2994,1
t2997,0
t2998,1
t3003,2
t3007,1
t3008,1
t3016,2
t3018,2
t3020,1
t3025,0
t3027,2
t3032,2
t3039,1
t3042,1
t3045,2
t3050,2
t3051,2
t3053,1
t3066,1
t3069,0
t3071,1
t3072,1
t3073,1
t3074,0
t3075,2
t3076,1
t3078,1
t3085,1
t3087,1
t3089,1
t3092,0
t3095,2
t3099,2
t3100,0
t3102,1
t3109,1
t3110,1
t3113,1
t3115,0
t3117,2
t3119,1
t3122,0
t3123,2
t3126,0
t3132,2
t3139,2
t3142,0
t3147,2
t3148,1
t3149,0
t3159,0
t3161,2
t3163,1
t3165,0
t3177,0
t3181,1
t3184,2
t3189,2
t3190,1
t3192,1
t3193,1
t3196,1
t3199,1
t3202,0
t3203,2
t3204,2
t3207,2
t3208,2
t3212,2
t3214,2
t3216,1
t3220,2
t3226,0
t3236,2
t3238,1
t3239,1
t3241,0
t3245,1
t3247,2
t3251,0
t3252,2
t3254,0
t3256,2
t3266,1
t3271,1
t3274,1
t3275,2
t3278,1
t3285,1
t3287,2
t3288,1
t3295,1
t3297,0
t3299,2
t3304,1
t3308,1
t3314,0
t3318,1
t3321,1
t3322,2
t3324,0
t3328,1
t3335,1
t3336,2
t3339,1
t3342,0
t3345,1
t3347,0
t3349,1
t3356,0
t3361,1
t3363,2
t3364,1
t3366,1
t3367,0
t3371,1
t3372,1
t3373,2
t3374,0
t3378,1
t3384,1
t3385,0
t3389,0
t3390,1
t3396,2
t3399,2
t3401,1
t3408,0
t3410,2
t3417,1
t3418,0
t3421,2
t3422,2
t3425,2
t3427,2
t3428,1
t3430,1
t3438,1
t3441,0
t3445,1
t3448,1
t3452,0
t3453,1
t3457,1
t3462,0
t3464,0
t3468,1
t3477,0
t3479,1
t3484,1
t3488,0
t3493,1
t3496,1
t3500,1
t3501,0
t3502,1
t3503,1
t3504,2
t3509,1
t3519,0
t3520,1
t3521,2
t3522,1
t3541,0
t3544,1
t3548,0
t3550,1
t3551,1
t3553,1
t3559,2
t3576,2
t3577,2
t3582,2
t3583,0
t3586,2
t3592,1
t3595,1
t3601,2
t3602,2
t3604,1
t3610,1
t3614,1
t3615,1
t3617,2
t3618,2
t3620,0
t3623,0
t3626,0
t3627,1
t3629,1
t3632,1
t3633,0
t3634,2
t3635,1
t3637,2
t3647,0
t3648,2
t3663,1
t3665,1
t3667,0
t3673,0
t3675,0
t3676,2
t3679,1
t3680,1
t3689,2
t3692,0
t3694,2
t3698,2
t3708,2
t3709,0
t3711,0
t3713,0
t3715,1
t3717,1
t3726,0
t3728,2
t3731,1
t3734,0
t3737,0
t3738,1
t3740,0
t3742,1
t3744,0
t3745,1
t3747,0
t3752,1
t3753,1
t3754,1
t3762,1
t3773,1
t3776,2
t3784,1
t3789,1
t3794,2
t3795,2
t3796,2
t3800,0
t3805,2
t3806,1
t3808,2
t3814,0
t3816,1
t3820,2
t3822,0
t3824,2
t3829,1
t3833,1
t3834,0
t3841,1
t3846,1
t3849,1
t3850,1
t3851,0
t3852,2
t3853,1
t3861,1
t3862,0
t3865,0
t3868,2
t3872,1
t3877,1
t3882,0
t3885,2
t3886,2
t3889,2
t3891,1
t3894,2
t3909,0
t3912,2
t3913,0
t3917,1
t3919,1
t3920,2
t3921,1
t3925,1
t3926,2
t3936,2
t3940,0
t3941,2
t3950,0
t3953,1
t3954,1
t3957,2
t3961,1
t3962,1
t3964,1
t3968,2
t3971,1
t3972,0
t3973,0
t3979,1
t3988,1
t3989,0
t3995,0
t3996,0
t3997,2
t4001,1
t4011,0
t4012,2
t4019,0
t4021,0
t4022,0
t4029,0
t4037,1
t4041,2
t4043,1
t4045,1
t4049,0
t4063,2
t4065,0
t4067,1
t4090,2
t4091,2
t4092,2
t4094,2
t4095,1
t4103,1
t4105,1
t4112,0
t4113,0
t4115,1
t4119,1
t4120,1
t4121,0
t4130,0
t4131,1
t4136,0
t4141,1
t4146,0
t4152,1
t4153,1
t4157,1
t4158,1
t4162,2
t4166,2
t4169,2
t4173,2
t4174,2
t4178,0
t4180,0
t4181,2
t4193,0
t4195,2
t4200,1
t4203,2
t4205,1
t4206,2
t4213,0
t4220,0
t4222,1
t4225,2
t4230,2
t4231,1
t4232,1
t4234,0
t4235,0
t4237,2
t4241,1
t4243,0
t4248,0
t4251,0
t4254,2
t4257,1
t4267,1
t4268,1
t4272,0
t4273,0
t4279,2
t4281,1
t4287,1
t4288,2
t4293,0
t4299,0
t4301,0
t4302,2
t4306,1
t4307,0
t4315,1
t4320,2
t4323,0
t4325,1
t4327,1
t4336,1
t4337,0
t4344,2
t4354,0
t4356,1
t4362,1
t4363,0
t4364,0
t4368,2
t4372,1
t4375,2
t4378,2
t4381,2
t4383,1
t4390,2
t4391,0
t4398,2
t4399,1
t4406,1
t4407,2
t4411,1
t4413,1
t4414,2
t4415,2
t4418,1
t4420,1
t4422,1
284853,1
45017,0
404962,0
4185263,1
21077,0
644576,1
1212922,0
1626047,1
3680040,1
1137937,1
199155,0
5568442,1
629374,1
3665197,0
3140007,0
209928,1
3298261,2
842550,2
2771600,2
1483211,0
809634,1
3690027,1
792450,2
666774,1
889349,0
5221353,1
472883,1
2675150,1
250790,1
1464394,0
3450371,1
6260918,1
2845221,2
1210072,0
1495336,2
288659,1
318,0
976309,1
4954957,1
2287877,1
3741620,1
1743370,1
1191899,0
282636,1
346477,0
3047886,0
3785720,2
5591330,1
2300366,0
3146309,1
38432,1
3846873,1
3861946,1
1523970,1
3404812,1
3419817,2
550767,1
3664444,2
148730,2
2460,0
67042,1
701241,0
6457434,1
3637509,1
2265364,1
3980934,1
1927988,1
90502,2
2806996,2
2291950,1
3403311,1
2522724,2
149401,1
2743967,1
1599773,0
437882,0
229246,0
5054987,1
1136859,1
355680,2
3731681,1
3334229,0
579081,1
319003,1
5599301,1
957713,1
779260,0
255037,1
2967428,1
1250793,2
3685878,1
242324,2
5235172,2
2387550,1
412937,1
346428,1
49894,2
758105,2
2681642,2
424688,1
941188,2
6398180,1
195450,2
1193401,0
6761494,1
1675577,0
631130,1
628959,0
6429566,1
82419,2
766471,2
1364225,0
294884,1
267223,0
188983,1
3512725,1
1615828,1
178636,0
1856520,1
489103,1
1423945,0
3511471,0
2049951,1
19556,1
863116,1
6264884,2
4102879,2
1041253,1
654566,1
2144135,1
3960493,1
1613734,1
1455590,0
1766632,2
2424631,1
37188,2
146261,0
6196517,2
45348,2
1299440,2
1634559,2
331517,1
2306387,1
2488801,0
1501862,1
5022741,1
93872,2
1226409,0
384890,0
477055,1
3182491,2
106391,1
415676,1
1423883,1
3982533,0
198899,2
486912,1
422368,2
3452950,1
1081707,0
2016145,1
1997102,1
425706,0
3562227,2
3806455,1
2924348,2
2386130,0
724239,2
241057,2
45875,0
4288367,1
1073446,0
2202417,1
1557495,1
1206694,0
6513155,1
6364815,2
233848,1
1097198,1
2639864,1
1590383,1
6537657,1
3334173,2
2428410,2
2307620,1
1713394,2
4012613,0
2272704,1
3942848,1
987522,1
1537620,1
43374,1
775281,2
186866,1
654122,1
4098466,1
6249489,1
215319,0
766482,1
6382901,1
823455,2
426912,2
1234703,2
4118895,1
1101155,1
154180,1
2721147,1
5214027,0
3893673,1
2112585,0
6122243,1
132633,0
217164,1
3986817,2
1058866,1
5370597,1
1459143,1
611327,1
5782541,1
791057,0
6158131,1
3065860,1
3055190,1
2023759,1
2734200,1
163773,1
3603910,1
1081682,2
61655,0
6077348,1
915555,1
5892666,1
2680475,2
2817426,2
1054622,2
1573131,0
61644,1
1529396,1
405968,0
981266,0
155965,2
5311001,1
1134590,1
209775,1
1263389,2
4003876,0
679515,1
1349272,1
725125,1
1257041,2
491198,0
5034403,1
1714815,1
3832826,2
383593,2
2304091,0
2659248,1
1129284,0
230977,2
275117,1
5698958,1
352889,0
664151,1
545046,0
181389,0
4056655,2
5923807,1
229848,1
406126,1
1174288,1
4879,1
3321311,1
882049,2
120238,2
50773,1
4209055,1
453610,1
1351383,2
6343876,1
4183728,1
1206985,1
4939568,0
882488,1
657776,1
347705,1
1678712,1
1506118,1
2025906,1
1703393,1
245302,1
232419,0
125124,2
3221100,0
10110,1
3138736,2
475048,1
2381810,0
3878239,1
4955099,1
158369,2
1615465,1
5967778,1
1933889,1
660274,2
2606331,0
3679880,0
916848,1
3758549,2
562509,1
916537,1
4635471,1
847483,1
415337,1
2282146,1
1518476,0
546637,1
3245246,2
2216181,1
2785417,1
2484320,0
1449572,1
4954976,1
656858,1
3711555,1
6726844,2
631065,1
477358,0
1035607,1
3930758,2
2312478,2
1931477,1
509739,0
1281844,2
1651931,1
3531375,1
1028634,0
4622880,1
1324638,1
4068590,2
4808879,0
832180,1
968427,1
5687361,1
13485,0
244856,1
3811089,1
810405,1
6735791,1
2391842,2
1557818,2
1321140,0
2636840,0
4935354,1
3225951,1
6033058,1
198417,0
1016187,0
6114381,1
386060,0
1051942,0
3007020,0
1990917,1
4017431,1
2082055,1
1551175,1
4780242,2
3909920,1
2067082,1
386894,0
1991348,1
1334410,0
2269775,1
2452375,0
3934950,1
643201,1
664002,1
1592941,1
200326,1
5615397,1
1864692,2
2106752,1
515108,0
503277,2
309880,1
27914,1
3260294,1
36137,1
4149039,2
360658,1
786703,1
1658746,2
2012975,1
5976021,1
13487,1
2275282,0
4508072,1
6224674,2
740968,1
3101750,0
973481,1
1795259,1
904628,0
1606349,0
2124583,1
478552,1
51284,0
6426389,0
18428,1
1531945,1
2905375,0
442535,0
3434008,0
179917,1
357196,1
295484,1
254337,1
1893039,2
2285723,0
458605,1
767393,1
1090474,1
1836474,1
2024550,1
358126,1
2720335,1
446147,0
2216175,2
1933510,1
3598152,1
2582211,2
2025991,1
1668835,2
3409269,1
2869489,1
404593,0
3233001,1
438544,0
1061201,2
150189,0
76547,1
139548,2
344791,1
1804501,2
685245,0
5552188,1
1756416,1
2564626,1
6226072,2
140193,0
2448449,1
3115697,1
4172374,1
1982658,0
1416925,1
3412808,1
3924958,2
3613646,1
651271,0
2367778,2
380198,2
6359700,1
311930,1
1171326,1
2279182,1
2378208,0
1668089,0
2195473,0
1081672,2
49941,1
3131386,1
398756,2
2305732,1
4953040,0
2522735,1
715539,1
3647447,1
2278849,0
708884,1
3990961,2
245530,2
479638,1
384546,0
1536009,2
1613889,1
1543407,1
1165762,1
1733502,1
638738,0
1772111,0
468915,1
1704370,0
1553113,1
3207977,1
1070971,0
4052539,1
4715800,1
1353561,1
64726,1
1054480,1
3557551,1
267992,1
758778,1
2405233,1
295991,1
775033,1
2509873,1
1283131,1
697392,1
2055820,1
2168733,1
2794576,1
2288758,2
1889592,2
330960,0
1460921,0
2812897,2
379072,2
1777504,1
6647248,1
4808790,1
3693000,1
1217114,2
392923,0
551849,1
2425544,2
1255996,0
1206226,2
2496968,0
3338247,1
39868,1
6269002,1
785633,1
3008618,0
781567,0
3867987,1
279838,2
284725,2
6498737,2
506518,0
2577591,2
5675255,0
940209,1
44796,0
2357057,1
1217254,1
165617,1
2293027,1
807476,0
2273827,1
1131297,2
405055,2
1472447,1
1620040,1
154534,1
96746,1
446344,1
1816800,1
2960297,1
998439,1
2845365,2
586595,2
1941298,1
915686,1
1881565,1
650608,0
3596649,0
774000,1
2220536,1
775915,2
761026,1
5967579,1
1902359,2
292615,1
1582787,0
115536,1
3634497,1
1259053,1
162975,0
4635191,1
2344839,0
3483937,2
6099703,1
2071525,1
1209660,0
1040014,2
518266,0
6060202,1
276756,1
1490988,1
127873,0
7408,0
170703,2
2955373,1
2719363,2
258382,0
2056535,1
150313,2
594375,1
1555267,1
6445842,2
400005,1
1991338,0
2501301,1
1126483,1
283364,0
1217557,0
5326553,0
1734765,0
179977,1
1094560,1
521043,1
1009685,1
1456287,1
4069034,2
760278,2
850553,2
2554085,1
2974447,2
34574,1
7952,1
2136478,0
2279325,2
2203707,2
471748,1
27720,1
5538576,1
423368,0
597489,0
577040,1
742471,1
2092647,0
3871467,2
2267012,0
6592962,0
1580066,1
2411715,1
3511782,0
2350089,2
44405,1
1290333,1
4525355,0
4058237,0
3987210,1
859789,2
196826,0
503857,1
269541,1
1682252,1
1189738,0
2313206,0
1059446,0
1269931,1
1141141,1
2869170,2
4149648,1
2137591,0
742198,0
2699623,1
1935,0
2301287,1
2869014,1
1228926,1
2075,0
3330638,1
439301,0
1737194,1
1611246,1
3271357,2
1161368,0
850943,1
3646674,0
3806656,2
3848923,1
4435780,0
2360803,2
4560992,0
276493,0
2246535,2
725002,1
1844691,1
1456882,1
5618853,1
2258732,0
2329291,0
51389,1
1197186,2
171119,2
5486926,1
2975932,1
406682,1
3599945,1
2287194,2
2516926,1
392939,2
1033806,1
2267916,0
1132775,1
657645,0
2410507,1
1126386,1
4239503,0
346535,2
1497099,1
1219750,1
2269995,1
325174,1
379075,1
1529752,1
453789,0
542409,1
627219,1
997154,1
393670,2
1146790,1
6485024,1
1216901,1
890336,0
3088537,0
1205658,1
829733,1
580160,1
51440,0
110537,0
561664,2
6177693,1
334275,0
6224781,1
2844183,2
1052314,1
290163,0
501012,1
1268086,1
71368,1
1165562,1
2680924,1
3714283,1
2268503,2
890466,0
248282,0
4465692,1
133132,1
852597,1
6256427,0
27209,0
3953583,1
5202952,2
3051760,2
1719029,1
850237,2
306817,0
617961,1
559060,1
3718660,1
5095934,1
6201888,1
1855717,0
179410,2
504235,0
1129729,0
153786,2
2673012,1
3754371,0
417230,0
6660610,1
540233,1
2716840,2
443154,0
255351,1
27696,1
3574001,1
45296,1
351306,1
2460391,1
6643596,0
1854537,2
1628429,1
346406,2
849206,2
472756,0
3416392,0
1272708,0
1742342,1
3206701,2
77515,2
2216649,0
10890,2
918004,1
1164403,1
1228809,0
2323995,0
4698107,2
1346240,2
5369114,1
2939856,2
5954170,1
1922931,2
163429,1
223214,2
2458008,1
3996734,1
2230220,1
279804,0
2176895,2
4106604,1
4564378,2
3589346,0
2302910,2
171672,1
590008,0
746346,1
301032,2
1015782,0
1770223,0
3590471,1
6113374,1
2296364,1
73655,1
395059,0
1702088,0
3129107,1
2670699,1
3988851,1
330289,1
5637,1
1677922,1
4384581,2
2567843,1
1328572,1
2920505,0
3030592,0
15859,1
226135,0
61514,0
3463410,1
30509,0
1686516,0
408211,1
1117762,2
2347735,2
943397,2
1746394,1
129966,2
3898982,0
5884538,1
3327657,1
103103,1
1603104,2
2340054,0
2960347,1
389320,0
6632041,1
343915,1
253004,0
1256515,1
5689243,1
5095967,2
676741,0
2359518,1
15153,1
3431309,2
40292,2
1785529,0
1872118,0
4600826,1
2761549,2
505957,1
1290187,1
1953896,1
824126,1
2265461,1
2268834,0
808366,0
348359,1
2211685,1
77897,0
609466,1
165510,2
781101,0
316006,0
674314,0
36169,1
132448,1
6077380,0
2138064,0
972154,1
2551585,2
444628,0
113941,1
46657,1
3853387,1
2852718,2
2477849,1
345296,2
2357130,2
2677567,1
5912764,0
26912,1
1987914,1
1209492,0
5336984,2
4767998,0
50610,2
452191,0
117633,1
589192,1
1674531,1
269632,2
1613924,1
1348784,1
3681682,1
54011,2
1213921,0
2030724,0
763984,1
336418,0
5270585,2
1348552,1
675119,0
557916,2
1142004,1
129704,1
444975,1
1926522,1
3298055,2
467154,1
4299248,2
2236525,1
76240,2
1468978,0
1807288,1
6102564,0
1396249,1
2270929,0
2768490,1
128030,0
4391769,1
2275000,1
3434282,1
4128482,1
163845,1
303241,1
1863066,2
2286549,0
820762,2
5729034,1
1940359,2
6546077,1
295334,1
6480312,1
2335087,0
506024,1
1269944,0
823567,2
2313639,1
1647780,1
238319,1
794005,1
915904,1
933262,2
2463979,1
1284241,0
331136,0
1897712,0
4183427,1
5570661,1
1441687,1
221048,2
1337629,0
4153660,1
4229126,1
529788,1
268277,0
1419566,0
2315730,0
4082777,2
1497129,2
899693,1
3693573,2
2558451,1
1247543,1
2635160,1
190735,1
437711,1
3005307,1
818951,1
777379,1
3393227,1
3541318,1
4148785,1
4132857,0
911121,1
500104,2
32821,1
5613485,1
641263,1
6118276,2
1726471,2
8580,1
4053969,1
186858,1
3259445,1
3803389,1
6074074,0
130009,1
1899278,0
197044,2
4830344,0
592107,0
632870,1
3383857,2
3939471,2
321536,2
2301385,1
1171544,0
98382,1
489498,0
287899,1
1129694,1
360448,0
580151,0
3450302,0
2288807,0
1208771,1
418681,2
1690520,1
262709,2
2357593,2
1452460,0
6095055,1
4938971,0
264221,1
1877235,2
496602,2
3654631,2
679934,0
4049981,1
48062,0
1250522,1
238241,2
2908582,1
2524229,1
4790847,1
890376,1
6567018,0
161637,1
6367256,2
4676676,0
852445,2
1244146,2
2370095,1
1875018,0
527184,2
1081398,1
2777632,1
1439337,1
2395463,0
2539353,0
4464918,0
344266,1
1354400,1
1582698,1
2293753,1
1226295,1
1050070,0
575129,0
1163495,1
1892472,2
364550,0
1290717,2
2578286,1
1045582,2
3887952,0
1676967,1
3758357,1
3784007,1
32481,1
270491,1
44573,0
4425396,1
2238921,2
129829,2
1737851,1
94498,1
3474089,1
2524221,0
5095963,2
2854244,2
1497653,1
335017,2
2826955,1
852263,2
1755808,1
4032493,2
4097188,2
2727493,0
4750493,0
613061,1
44389,1
5508675,1
214747,2
27915,1
1258247,1
881746,0
6318198,1
2277392,0
472262,2
880976,1
6179466,1
4141343,1
6347465,1
3047901,1
6784983,1
2873245,2
1842590,1
923938,1
5352697,1
2582076,2
7098,1
3939976,1
404665,1
883095,1
5488849,0
6396935,1
391868,1
1751760,1
1459822,1
1804680,1
613729,1
2599658,1
493240,1
1681635,1
3794197,1
2528328,1
4778220,2
5723805,1
406367,1
3165372,2
239437,1
277351,1
2290082,1
679641,0
132027,1
1544981,1
2310631,2
2410673,0
5329365,2
39489,1
1209899,2
33646,1
1031664,1
4386877,1
1358415,0
866290,1
2945539,2
1357118,1
216434,1
1659634,2
1328580,1
733238,1
983561,0
5640832,2
1447332,1
45096,0
538808,1
38490,1
3466408,2
2181759,1
850457,0
2073015,0
2370821,0
2286479,1
771431,0
2551957,1
2167516,2
956713,1
1768219,1
1526217,1
613273,1
2940316,1
44912,2
811751,0
6201443,1
2216217,2
1599898,1
2871592,1
277878,1
639015,0
1569071,0
1910336,1
103030,1
1476965,1
5118946,1
6621094,1
3242099,1
143305,1
165527,2
39786,0
760343,2
1343361,1
595467,1
1121822,0
355271,0
1095499,0
6630638,1
2264313,1
136243,1
4093982,0
3094913,1
1677277,0
5115223,1
454480,1
3161503,1
2536398,0
430504,1
325539,1
3414320,2
3912216,2
1767358,2
6294676,1
5279436,1
551710,0
852049,1
3893571,1
295443,1
1244903,0
1643524,1
836670,0
763921,2
2491699,1
117051,0
404699,2
11936,1
1899991,1
283202,0
110072,2
437119,0
804177,1
1583929,0
5181780,1
939879,0
43851,1
363036,1
2075604,1
643497,0
422519,2
365589,1
262738,2
1604754,1
43896,1
852747,0
75712,1
764359,1
13246,1
842663,2
2987296,0
223199,1
890225,2
496384,1
234998,1
493908,1
3037108,1
2521386,0
2403543,1
1950144,2
999084,2
2307049,1
916399,1
1351684,1
3380113,0
4237868,2
24284,1
487563,0
517062,1
3982802,1
1904841,0
1010712,1
3295642,2
2940727,0
1134408,1
451568,1
39155,1
1005688,2
930713,0
943904,1
3588399,1
763821,2
3785734,1
1468427,0
3025968,1
663283,1
1359885,1
1130083,1
380248,2
2466044,2
5001687,2
2735566,0
3636855,0
4180692,1
2279661,1
55658,2
414287,1
5306443,2
3788818,1
1985068,1
1512334,2
324057,1
877472,1
3242934,0
2452245,2
2448472,1
2250546,0
3111980,1
2268328,1
2280102,1
1382498,1
336444,1
1025660,1
1637626,1
954543,0
207614,0
642692,1
95855,2
1342871,0
2289137,2
3665730,1
2726707,0
2823575,2
1009745,1
1199689,1
1428387,1
38969,0
2023174,2
684989,0
4734346,0
5593208,2
2168625,1
341971,1
2504845,1
480265,1
392131,1
241221,2
392351,1
492340,1
1990394,1
911706,1
699344,0
426807,1
3588933,0
492641,0
2153495,2
6109556,1
2602159,0
541498,0
2356833,1
676691,0
5516587,2
481551,1
100882,1
635852,1
4058185,0
921592,1
3597681,1
6307484,0
394840,2
1861971,0
3832585,1
2059919,1
1189268,0
419666,1
847929,1
5015635,1
2003104,2
2920294,2
168515,0
2314774,1
291980,1
165352,1
2816599,1
2499236,1
3940115,1
62843,2
613953,2
2003397,0
165665,2
2098343,1
6203031,1
1542680,2
5783529,2
1188006,2
242635,1
6426123,1
4151132,1
1806390,1
2120391,1
341054,0
69466,2
878604,1
317173,1
3537045,1
2260775,2
4037417,1
1873694,2
3266847,1
118421,2
133130,1
260505,1
5038877,1
342267,1
6506593,1
2466138,1
2304978,2
613162,2
367116,1
5570707,2
3823506,1
2930599,1
1351180,1
3770131,1
3888151,1
728440,1
3010040,1
2352539,0
195685,2
398984,1
306959,0
1492612,1
2240925,1
280855,1
2090761,1
1810292,1
830320,0
1212426,0
1679137,1
4882967,0
943393,0
1214783,1
2081388,1
19088,1
1055260,1
2272945,0
2818961,1
819963,0
2250159,0
1210049,0
121999,0
295382,1
221380,2
2453486,1
1462646,2
1343072,1
464937,2
5906132,2
811124,1
263007,0
1425601,1
4601483,1
282424,0
777406,1
160636,1
234527,0
3913614,0
2350820,0
195806,1
566587,0
629393,1
970813,2
2301014,0
123567,0
2498256,0
1877915,1
1441195,2
275457,0
998181,1
165822,1
1236178,1
5459101,1
1665450,1
53197,2
5846867,0
46023,1
809062,0
2425691,1
685025,1
222053,1
6065043,1
2268847,0
1568585,2
454512,0
3367037,2
393589,2
139589,2
116470,1
1198233,1
5525587,2
4496403,2
1043658,1
998908,0
1751856,0
4412256,1
4087671,1
1613645,1
13573,0
3595608,0
1086705,1
1817139,1
1599073,1
1015196,1
393371,1
734873,1
2870979,2
438117,1
2285638,1
3817590,1
1217384,0
1597831,1
5636734,1
4095640,2
932420,1
2067170,1
151310,2
2308310,0
2190932,1
6177913,2
93534,2
798284,2
1931554,2
5585954,1
1458383,1
324800,1
632840,2
664353,1
1460716,0
697799,0
2268566,1
3111941,2
1202042,1
1258712,1
49512,0
3445687,2
522815,1
301696,1
451170,1
242205,1
3890726,1
507316,2
2137986,1
1180494,1
4706456,1
4288046,1
298377,0
1943250,0
1561494,2
64912,2
669425,0
1837279,1
5025133,1
166830,1
360378,1
3777038,1
249474,1
340657,2
2082039,1
2514592,1
2678836,1
2328168,0
1838457,1
297217,0
80959,0
1225478,1
1438492,2
1040484,1
1132465,0
981018,0
41373,1
2282883,1
3740588,1
638544,1
1805079,0
1421159,1
1728061,0
1374870,1
3339009,1
144679,1
1163409,1
1388352,1
43552,1
542708,2
263422,2
457643,1
1668082,2
19396,2
2858418,1
2878338,2
3991765,1
6162115,1
6103106,1
3781811,1
2521250,2
5828733,0
3732105,1
8207,0
549064,1
1463202,1
20605,1
382311,0
2271583,1
263275,1
3663019,0
1826948,1
1708340,1
2962998,1
443864,1
1351589,0
4866,1
1266457,1
1412959,1
441481,1
1836394,1
1041166,1
263952,1
5584448,1
633774,2
1252408,1
6213670,1
1616452,1
165550,2
2547302,0
424267,2
4153630,0
489604,1
1542133,1
296843,1
5415718,1
3074333,2
86029,0
3503878,1
2387344,1
983574,1
217386,1
2257847,2
2105469,1
1034295,1
469302,1
5319863,1
1156,1
3157907,1
3588985,0
2795,1
120274,2
86144,2
1480130,1
625440,1
364206,1
2476592,1
312362,1
773235,1
918086,0
1810056,1
59917,0
718292,1
2819190,2
1188221,1
6204239,1
1071872,2
805541,1
1976045,1
1296591,0
116335,0
78048,1
916404,2
2292671,1
2134436,0
1967741,1
749328,0
562473,0
285138,1
38855,0
2005347,0
2261579,0
1696743,1
317079,1
2151728,0
3544694,2
1560837,1
402501,2
2514671,2
5320307,0
38033,1
284258,1
1033930,0
53735,0
6100299,1
562892,1
549670,1
3695090,0
1040707,1
1661317,2
2939907,0
427845,1
1826349,1
1205239,2
27206,1
342686,1
5342451,0
598837,0
2628267,1
641764,1
898981,1
2342696,1
1158001,1
2420557,0
2368881,2
2381,1
1077592,1
2936090,1
1543573,0
5654885,1
662819,1
3886721,1
1429893,1
6090360,1
6517259,1
2267878,1
263006,1
38475,0
5795,1
4490715,1
185948,1
1201995,0
756619,0
1117832,1
3686931,0
374265,2
751468,1
1048523,0
924087,1
3715324,2
2106671,0
6400060,2
452662,1
1128670,1
565816,0
2371169,1
1841344,1
3569220,0
4586686,0
186192,1
1430635,1
3635649,0
5855903,1
3444193,1
407097,1
839511,0
956170,0
1826096,1
65608,2
3210435,0
127828,2
1577172,2
1841075,1
2811879,0
5353654,2
2256549,0
1819812,1
47381,1
970734,0
3733,1
34225,1
5966813,1
289647,2
1010451,0
51481,1
269614,2
3406349,1
31313,0
280072,1
533304,1
1686526,2
3564007,1
3068152,1
701021,2
1509152,1
4496019,1
1197165,0
1070353,1
1284415,1
1103759,1
1496318,1
2804815,1
3831988,0
888229,1
600103,1
1177989,1
2162944,2
901338,1
148269,2
452068,2
2748614,0
1890350,1
542666,2
5428522,1
4151608,1
1697494,2
1061142,2
1782030,1
491078,0
1386431,2
3194872,1
3432140,0
465359,1
3686475,2
70324,1
872317,1
651023,1
622847,0
3508709,1
437164,1
131768,0
3718812,1
571395,1
19663,1
4209637,1
2039801,1
1040389,1
19666,0
1009451,0
12454,1
2308647,0
6168723,2
657291,2
122303,1
366058,0
568847,1
196052,1
832133,0
952630,1
300362,0
2353503,0
5831576,1
1670905,2
80487,1
6084356,2
1297815,1
5167308,1
867700,1
6745605,1
1190006,1
1261504,0
3900739,1
538606,1
1610710,1
430079,1
1047778,0
448813,0
351890,1
4862462,0
1527031,1
6060336,1
115338,1
817721,1
344482,1
849737,1
1267968,1
1174333,0
395748,1
1483802,1
3404528,1
5968428,0
1040456,1
38750,1
3187732,2
1685422,0
393621,1
2171142,2
2215981,1
1188757,2
338846,2
6730022,1
1472295,0
6434715,1
1623511,1
2074808,1
1569231,2
509145,2
4676740,1
2313742,1
3467549,2
4384197,1
4861494,0
1022769,1
2229122,1
3734173,1
740944,1
2258364,1
3563551,2
963856,1
1836436,1
1494048,0
3149894,1
4191310,1
426151,1
924770,0
5008348,1
804329,1
269207,2
2104930,1
3100396,1
1763224,0
1094564,1
1943087,0
1357344,1
3289587,0
6189897,0
487872,2
1363568,1
389054,0
672755,1
3800433,1
493355,1
1408153,1
3093527,1
2845047,2
2581114,2
1964206,1
855622,1
2529137,1
3970204,1
432860,2
4727462,1
538746,0
1966792,2
1030559,1
140450,2
1091520,1
5948062,1
6224671,2
142069,0
1244712,2
454985,1
1412169,1
1218344,0
6212005,1
4601403,2
4048295,1
237902,1
284285,1
345379,1
4236561,1
19649,0
1934716,1
1338373,1
4861631,0
117784,1
4971234,0
777063,2
133012,0
4628690,1
412841,2
845785,0
2091033,2
1381072,1
1185482,1
6502779,1
436775,1
2524242,2
1263336,0
444819,0
128728,1
6660880,0
4867525,1
1407886,0
3194351,2
1154633,1
1716373,1
415860,0
2421450,1
932442,1
2893081,2
4833785,1
200380,1
1009721,0
157669,2
268333,1
897972,0
4491164,1
248167,1
1554095,0
2260442,1
677980,0
184338,0
1246546,2
805517,0
39836,1
334779,2
484715,0
1368576,1
1899246,1
166997,1
315650,1
4108109,0
2273283,0
6151214,2
1379501,2
426010,1
2589481,1
1041147,1
2761237,2
1697195,0
1744896,1
549048,0
3077988,0
1780965,1
2034663,0
6148877,1
1385606,0
1926910,1
2699615,0
1260879,2
120481,1
1763056,2
385117,1
894297,1
2425710,1
181801,1
2034988,2
2409063,1
825588,1
1192547,1
2352807,2
3894703,2
336429,2
2275281,2
6225467,1
2061612,1
2798734,1
6145622,2
3950268,1
691400,2
819967,1
2719884,2
749675,2
198558,2
682901,1
784412,2
366500,0
2138034,0
362858,2
1343484,1
3114686,1
5922040,0
838956,1
363284,1
4239886,1
356852,0
4218882,2
2676081,2
1997167,1
5181782,1
2721219,2
190113,1
3700801,1
3111953,0
3625428,1
812041,0
2872325,2
515938,2
8945,0
5288787,2
767763,2
2978027,2
3686810,1
526462,1
2280229,2
1447488,2
1959656,1
5948174,1
1526813,1
284329,1
349304,2
1980875,2
1009280,1
1463828,2
195274,1
832177,1
753694,2
4338837,2
5949747,1
5831636,1
1450002,2
981246,0
94477,0
2029239,1
280224,0
3855449,1
3648682,1
531777,1
3231741,2
178125,0
99700,1
118980,1
933161,1
735016,0
1097309,0
112580,1
17042,1
780851,1
1734743,1
1048473,1
467860,2
210506,0
1113823,1
3944953,1
343003,1
1425900,1
4177,0
3872944,2
436670,0
4049083,1
2124062,0
1629234,0
1580274,2
2285389,0
2790805,1
93132,2
6642372,1
3579903,1
700960,1
99032,2
2973062,1
774178,1
474867,0
1233272,1
4666040,2
464684,2
1666905,1
158821,2
5940658,2
